<?xml version="1.0" encoding="UTF-8"?>
<beans xmlns="http://www.springframework.org/schema/beans"
       xmlns:xsi="http://www.w3.org/2001/XMLSchema-instance"
       xmlns:context="http://www.springframework.org/schema/context"
       xsi:schemaLocation="
           http://www.springframework.org/schema/beans https://www.springframework.org/schema/beans/spring-beans.xsd
           http://www.springframework.org/schema/context https://www.springframework.org/schema/context/spring-context.xsd">

    <!-- 프로퍼티 파일 로딩 -->
    
   <bean id="propertyConfigurer"
       class="org.springframework.beans.factory.config.PropertyPlaceholderConfigurer">
       <property name="locations" >
           <list>
               <value>classpath:application.properties</value>
           </list>
       </property>
   </bean>
    <!-- DataSource 설정 -->
     <bean id="dataSource" class="org.apache.commons.dbcp.BasicDataSource" destroy-method="close">
       <property name="driverClassName" value="${db.driverClassName}"/>
       <property name="url" value="${db.url}" />
       <property name="username" value="${db.username}"/>
       <property name="password" value="${db.password}"/>
   </bean>

	<bean id="sqlSessionFactory" class="org.mybatis.spring.SqlSessionFactoryBean">
		<property name="dataSource" ref="dataSource" />
		
		<property name="mapperLocations" value="classpath*:mapper/**/*.xml" />
	</bean>

	<bean id="sqlSession" class="org.mybatis.spring.SqlSessionTemplate"
		destroy-method="clearCache">
		<constructor-arg ref="sqlSessionFactory" name="sqlSessionFactory" />
	</bean>
</beans>
